,social_radius,fire_radius,p_spreading
social_radius,0.0,5.551115123125783e-17,5.551115123125783e-17
fire_radius,0.0,0.0,-0.17015706806282713
p_spreading,0.0,0.0,0.0
